"biker_00009,biker,Boxy_Woven_Moto_Jacket\img_00000009.jpg"
"biker_00021,biker,Boxy_Woven_Moto_Jacket\img_00000021.jpg"
"biker_00035,biker,Boxy_Woven_Moto_Jacket\img_00000035.jpg"
"biker_00065,biker,Collarless_Faux_Leather_Moto_Jacket\img_00000016.jpg"
"biker_00092,biker,Collarless_Faux_Leather_Moto_Jacket\img_00000043.jpg"
"biker_00099,biker,Collarless_Faux_Leather_Moto_Jacket\img_00000050.jpg"
"biker_00120,biker,Collarless_Moto_Jacket\img_00000016.jpg"
"biker_00123,biker,Collarless_Moto_Jacket\img_00000019.jpg"
"biker_00148,biker,Collarless_Moto_Jacket\img_00000044.jpg"
"biker_00188,biker,Collarless_Quilted_Moto_Jacket\img_00000029.jpg"
"biker_00206,biker,Cool-Girl_Biker_Coat\img_00000006.jpg"
"biker_00316,biker,Faux_Leather_Biker_Jacket\img_00000024.jpg"
"biker_00456,biker,Faux_Shearling_Moto_Jacket\img_00000009.jpg"
"biker_00485,biker,Faux_Shearling_Moto_Jacket\img_00000038.jpg"
"biker_00525,biker,Faux_Suede_Moto_Jacket\img_00000004.jpg"
"biker_00563,biker,Faux_Suede_Moto_Jacket\img_00000042.jpg"
"biker_00593,biker,Hooded_Moto_Jacket\img_00000008.jpg"
"biker_00624,biker,Hooded_Moto_Jacket\img_00000039.jpg"
"biker_00641,biker,Hooded_Moto_Jacket\img_00000056.jpg"
"biker_00643,biker,Hooded_Moto_Jacket\img_00000058.jpg"
"biker_00646,biker,Hooded_Moto_Jacket\img_00000061.jpg"
"biker_00684,biker,Marled_Boucl&eacute;_Moto_Jacket\img_00000020.jpg"
"biker_00687,biker,Marled_Boucl&eacute;_Moto_Jacket\img_00000023.jpg"
"biker_00703,biker,Marled_Boucl&eacute;_Moto_Jacket\img_00000039.jpg"
"biker_00710,biker,Marled_Boucl&eacute;_Moto_Jacket\img_00000046.jpg"
"biker_00711,biker,Marled_Boucl&eacute;_Moto_Jacket\img_00000047.jpg"
"biker_00720,biker,Oversized_Boucl&eacute;_Moto_Jacket\img_00000004.jpg"
"biker_00726,biker,Oversized_Boucl&eacute;_Moto_Jacket\img_00000010.jpg"
"biker_00743,biker,Oversized_Boucl&eacute;_Moto_Jacket\img_00000027.jpg"
"biker_00752,biker,Oversized_Boucl&eacute;_Moto_Jacket\img_00000036.jpg"
"biker_00764,biker,Oversized_Boucl&eacute;_Moto_Jacket\img_00000049.jpg"
"biker_00767,biker,Oversized_Boucl&eacute;_Moto_Jacket\img_00000052.jpg"
"biker_00792,biker,Pebbled_Faux_Leather_Moto_Jacket\img_00000024.jpg"
"biker_00861,biker,Quilted_Moto_Jacket\img_00000050.jpg"
"biker_00871,biker,Quilted_Moto_Jacket\img_00000060.jpg"
"biker_00879,biker,Quilted_Moto_Jacket\img_00000068.jpg"
"biker_00892,biker,Scuba_Knit_Moto_Jacket\img_00000003.jpg"
"biker_00898,biker,Scuba_Knit_Moto_Jacket\img_00000009.jpg"
"biker_00982,biker,Snap_Collar_Moto_Jacket\img_00000053.jpg"
"biker_01018,biker,Textured_Faux_Leather_Moto_Jacket\img_00000016.jpg"
"biker_01045,biker,Textured_Faux_Leather_Moto_Jacket\img_00000043.jpg"
"biker_01065,biker,Tweed_Moto_Jacket\img_00000006.jpg"
"biker_01070,biker,Tweed_Moto_Jacket\img_00000011.jpg"
"biker_01072,biker,Tweed_Moto_Jacket\img_00000013.jpg"
"biker_01091,biker,Tweed_Moto_Jacket\img_00000032.jpg"
"biker_01101,biker,Tweed_Moto_Jacket\img_00000042.jpg"
"biker_01107,biker,Tweed_Moto_Jacket\img_00000048.jpg"
"biker_01124,biker,Tweed_Moto_Jacket\img_00000065.jpg"
"biker_01130,biker,Tweed_Moto_Jacket\img_00000071.jpg"
"biker_01131,biker,Tweed_Moto_Jacket\img_00000072.jpg"
"biker_01136,biker,Tweed_Moto_Jacket\img_00000077.jpg"
"biker_01155,biker,Waffle-Textured_Moto_Jacket\img_00000012.jpg"
"biker_01166,biker,Waffle-Textured_Moto_Jacket\img_00000023.jpg"
"biker_01175,biker,Waffle-Textured_Moto_Jacket\img_00000032.jpg"
"biker_01180,biker,Waffle-Textured_Moto_Jacket\img_00000037.jpg"
"biker_01181,biker,Waffle-Textured_Moto_Jacket\img_00000038.jpg"
"biker_01188,biker,Waffle-Textured_Moto_Jacket\img_00000045.jpg"
"biker_01189,biker,Waffle-Textured_Moto_Jacket\img_00000046.jpg"