"bomber_00025,bomber,Bleached_Chambray_Bomber_Jacket\img_00000025.jpg"
"bomber_00038,bomber,Bleached_Chambray_Bomber_Jacket\img_00000038.jpg"
"bomber_00053,bomber,Bleached_Chambray_Bomber_Jacket\img_00000053.jpg"
"bomber_00063,bomber,Blurred_Floral_Bomber_Jacket\img_00000006.jpg"
"bomber_00087,bomber,Blurred_Floral_Bomber_Jacket\img_00000030.jpg"
"bomber_00100,bomber,Blurred_Floral_Bomber_Jacket\img_00000043.jpg"
"bomber_00101,bomber,Blurred_Floral_Bomber_Jacket\img_00000044.jpg"
"bomber_00103,bomber,Blurred_Floral_Bomber_Jacket\img_00000046.jpg"
"bomber_00116,bomber,Chiffon-Sleeve_Mesh_Bomber_Jacket\img_00000001.jpg"
"bomber_00173,bomber,Chiffon-Sleeve_Mesh_Bomber_Jacket\img_00000058.jpg"
"bomber_00232,bomber,Colorblocked_Bomber_Jacket\img_00000007.jpg"
"bomber_00243,bomber,Colorblocked_Bomber_Jacket\img_00000018.jpg"
"bomber_00261,bomber,Colorblocked_Bomber_Jacket\img_00000036.jpg"
"bomber_00271,bomber,Colorblocked_Bomber_Jacket\img_00000046.jpg"
"bomber_00286,bomber,Colorblocked_Bomber_Jacket\img_00000061.jpg"
"bomber_00309,bomber,Colorblocked_Bomber_Jacket\img_00000084.jpg"
"bomber_00366,bomber,Embroidered_Cutout_Bomber_Jacket\img_00000013.jpg"
"bomber_00367,bomber,Embroidered_Cutout_Bomber_Jacket\img_00000014.jpg"
"bomber_00371,bomber,Embroidered_Cutout_Bomber_Jacket\img_00000018.jpg"
"bomber_00376,bomber,Embroidered_Cutout_Bomber_Jacket\img_00000023.jpg"
"bomber_00380,bomber,Embroidered_Cutout_Bomber_Jacket\img_00000027.jpg"
"bomber_00395,bomber,Embroidered_Cutout_Bomber_Jacket\img_00000042.jpg"
"bomber_00403,bomber,Embroidered_Cutout_Bomber_Jacket\img_00000050.jpg"
"bomber_00407,bomber,Embroidered_Cutout_Bomber_Jacket\img_00000054.jpg"
"bomber_00409,bomber,Embroidered_Cutout_Bomber_Jacket\img_00000056.jpg"
"bomber_00415,bomber,Embroidered_Mesh_Bomber_Jacket\img_00000004.jpg"
"bomber_00421,bomber,Embroidered_Mesh_Bomber_Jacket\img_00000010.jpg"
"bomber_00433,bomber,Embroidered_Mesh_Bomber_Jacket\img_00000022.jpg"
"bomber_00444,bomber,Embroidered_Mesh_Bomber_Jacket\img_00000033.jpg"
"bomber_00463,bomber,Embroidered_Mesh_Bomber_Jacket\img_00000052.jpg"
"bomber_00506,bomber,Faux_Fur_Bomber_Jacket\img_00000039.jpg"
"bomber_00623,bomber,Faux_Leather_Bomber_Jacket\img_00000068.jpg"
"bomber_00639,bomber,Faux_Shearling_Bomber_Jacket\img_00000013.jpg"
"bomber_00702,bomber,Floral-Embroidered_Bomber_Jacket\img_00000030.jpg"
"bomber_00712,bomber,Floral-Embroidered_Bomber_Jacket\img_00000040.jpg"
"bomber_00733,bomber,Floral-Embroidered_Bomber_Jacket\img_00000061.jpg"
"bomber_00916,bomber,Heathered_Scuba_Knit_Bomber_Jacket\img_00000020.jpg"
"bomber_00924,bomber,Heathered_Scuba_Knit_Bomber_Jacket\img_00000028.jpg"
"bomber_00925,bomber,Heathered_Scuba_Knit_Bomber_Jacket\img_00000029.jpg"
"bomber_00935,bomber,Heathered_Scuba_Knit_Bomber_Jacket\img_00000039.jpg"
"bomber_01046,bomber,Nylon_Raglan_Bomber_Jacket\img_00000015.jpg"
"bomber_01090,bomber,Nylon_Raglan_Bomber_Jacket\img_00000059.jpg"
"bomber_01103,bomber,Paneled_Faux_Leather_Bomber_Jacket\img_00000002.jpg"
"bomber_01116,bomber,Paneled_Faux_Leather_Bomber_Jacket\img_00000015.jpg"
"bomber_01119,bomber,Paneled_Faux_Leather_Bomber_Jacket\img_00000018.jpg"
"bomber_01214,bomber,Quilted_Faux_Leather_Bomber\img_00000008.jpg"
"bomber_01215,bomber,Quilted_Faux_Leather_Bomber\img_00000009.jpg"
"bomber_01245,bomber,Quilted_Faux_Leather_Bomber\img_00000039.jpg"
"bomber_01253,bomber,Quilted_Faux_Leather_Bomber\img_00000047.jpg"
"bomber_01261,bomber,Quilted_Faux_Leather_Bomber\img_00000055.jpg"
"bomber_01282,bomber,Quilted_Faux_Leather_Bomber\img_00000076.jpg"
"bomber_01298,bomber,Quilted_Faux_Leather_Bomber\img_00000092.jpg"
"bomber_01305,bomber,Quilted_Faux_Leather_Bomber\img_00000099.jpg"
"bomber_01326,bomber,Quilted_Faux_Leather_Bomber\img_00000120.jpg"
"bomber_01347,bomber,Quilted_Faux_Leather_Bomber\img_00000141.jpg"
"bomber_01388,bomber,Quilted_Floral_Bomber_Jacket\img_00000019.jpg"
"bomber_01443,bomber,Scuba_Knit_Bomber_Jacket\img_00000002.jpg"
"bomber_01456,bomber,Scuba_Knit_Bomber_Jacket\img_00000015.jpg"
"bomber_01465,bomber,Scuba_Knit_Bomber_Jacket\img_00000024.jpg"
"bomber_01499,bomber,Vegan_Leather-Sleeved_Bomber_Jacket\img_00000014.jpg"
"bomber_01542,bomber,Vegan_Leather-Sleeved_Bomber_Jacket\img_00000057.jpg"
"bomber_01543,bomber,Vegan_Leather-Sleeved_Bomber_Jacket\img_00000058.jpg"
"bomber_01748,bomber,Zippered_Bomber_Jacket\img_00000051.jpg"
"bomber_01749,bomber,Zippered_Bomber_Jacket\img_00000052.jpg"
"bomber_00021,bomber,Bleached_Chambray_Bomber_Jacket\img_00000021.jpg"
"bomber_00118,bomber,Chiffon-Sleeve_Mesh_Bomber_Jacket\img_00000003.jpg"
"bomber_00152,bomber,Chiffon-Sleeve_Mesh_Bomber_Jacket\img_00000037.jpg"
"bomber_00214,bomber,Civil_Regime_Mesh_Bomber_Jacket\img_00000040.jpg"
"bomber_00235,bomber,Colorblocked_Bomber_Jacket\img_00000010.jpg"
"bomber_00273,bomber,Colorblocked_Bomber_Jacket\img_00000048.jpg"
"bomber_00289,bomber,Colorblocked_Bomber_Jacket\img_00000064.jpg"
"bomber_00348,bomber,Desert_Trim_Bomber_Jacket\img_00000039.jpg"
"bomber_00486,bomber,Faux_Fur_Bomber_Jacket\img_00000018.jpg"
"bomber_00496,bomber,Faux_Fur_Bomber_Jacket\img_00000029.jpg"
"bomber_00500,bomber,Faux_Fur_Bomber_Jacket\img_00000033.jpg"
"bomber_00502,bomber,Faux_Fur_Bomber_Jacket\img_00000035.jpg"
"bomber_00508,bomber,Faux_Fur_Bomber_Jacket\img_00000041.jpg"
"bomber_00510,bomber,Faux_Fur_Bomber_Jacket\img_00000043.jpg"
"bomber_00541,bomber,Faux_Fur_Bomber_Jacket\img_00000074.jpg"
"bomber_00555,bomber,Faux_Fur_Bomber_Jacket\img_00000088.jpg"
"bomber_00634,bomber,Faux_Shearling_Bomber_Jacket\img_00000008.jpg"
"bomber_00647,bomber,Faux_Shearling_Bomber_Jacket\img_00000021.jpg"
"bomber_00654,bomber,Faux_Shearling_Bomber_Jacket\img_00000028.jpg"
"bomber_00661,bomber,Faux_Shearling_Bomber_Jacket\img_00000035.jpg"
"bomber_00668,bomber,Faux_Shearling_Bomber_Jacket\img_00000042.jpg"
"bomber_00763,bomber,Floral_Lace_Bomber_Jacket\img_00000025.jpg"
"bomber_00770,bomber,Floral_Lace_Bomber_Jacket\img_00000032.jpg"
"bomber_00919,bomber,Heathered_Scuba_Knit_Bomber_Jacket\img_00000023.jpg"
"bomber_00934,bomber,Heathered_Scuba_Knit_Bomber_Jacket\img_00000038.jpg"
"bomber_00936,bomber,Heathered_Scuba_Knit_Bomber_Jacket\img_00000040.jpg"
"bomber_00939,bomber,Heathered_Scuba_Knit_Bomber_Jacket\img_00000043.jpg"
"bomber_00942,bomber,Hooded_Bomber_Jacket\img_00000003.jpg"
"bomber_00952,bomber,Hooded_Bomber_Jacket\img_00000013.jpg"
"bomber_00968,bomber,Hooded_Bomber_Jacket\img_00000029.jpg"
"bomber_01000,bomber,Hooded_Bomber_Jacket\img_00000061.jpg"
"bomber_01002,bomber,Hooded_Bomber_Jacket\img_00000063.jpg"
"bomber_01006,bomber,Hooded_Bomber_Jacket\img_00000067.jpg"
"bomber_01030,bomber,Hooded_Bomber_Jacket\img_00000091.jpg"
"bomber_01036,bomber,Nylon_Raglan_Bomber_Jacket\img_00000005.jpg"
"bomber_01151,bomber,Quilted_Bomber_Jacket\img_00000030.jpg"
"bomber_01160,bomber,Quilted_Bomber_Jacket\img_00000039.jpg"
"bomber_01173,bomber,Quilted_Bomber_Jacket\img_00000052.jpg"
"bomber_01206,bomber,Quilted_Bomber_Jacket\img_00000085.jpg"
"bomber_01211,bomber,Quilted_Faux_Leather_Bomber\img_00000005.jpg"
"bomber_01222,bomber,Quilted_Faux_Leather_Bomber\img_00000016.jpg"
"bomber_01223,bomber,Quilted_Faux_Leather_Bomber\img_00000017.jpg"
"bomber_01230,bomber,Quilted_Faux_Leather_Bomber\img_00000024.jpg"
"bomber_01243,bomber,Quilted_Faux_Leather_Bomber\img_00000037.jpg"
"bomber_01284,bomber,Quilted_Faux_Leather_Bomber\img_00000078.jpg"
"bomber_01286,bomber,Quilted_Faux_Leather_Bomber\img_00000080.jpg"
"bomber_01317,bomber,Quilted_Faux_Leather_Bomber\img_00000111.jpg"
"bomber_01329,bomber,Quilted_Faux_Leather_Bomber\img_00000123.jpg"
"bomber_01334,bomber,Quilted_Faux_Leather_Bomber\img_00000128.jpg"
"bomber_01360,bomber,Quilted_Faux_Leather_Bomber\img_00000154.jpg"
"bomber_01391,bomber,Quilted_Floral_Bomber_Jacket\img_00000022.jpg"
"bomber_01471,bomber,Scuba_Knit_Bomber_Jacket\img_00000030.jpg"
"bomber_01483,bomber,Scuba_Knit_Bomber_Jacket\img_00000042.jpg"
"bomber_01651,bomber,Zip_Collar_Bomber\img_00000100.jpg"
"bomber_01658,bomber,Zip_Collar_Bomber\img_00000107.jpg"